--
-- PostgreSQL database dump
--

-- Dumped from database version 17.5
-- Dumped by pg_dump version 17.5

-- Started on 2026-01-14 23:05:50

SET statement_timeout = 0;
SET lock_timeout = 0;
SET idle_in_transaction_session_timeout = 0;
SET transaction_timeout = 0;
SET client_encoding = 'UTF8';
SET standard_conforming_strings = on;
SELECT pg_catalog.set_config('search_path', '', false);
SET check_function_bodies = false;
SET xmloption = content;
SET client_min_messages = warning;
SET row_security = off;

SET default_tablespace = '';

SET default_table_access_method = heap;

--
-- TOC entry 218 (class 1259 OID 32842)
-- Name: avatars; Type: TABLE; Schema: public; Owner: postgres
--

CREATE TABLE public.avatars (
    user_uuid uuid NOT NULL,
    avatar_uuid uuid
);


ALTER TABLE public.avatars OWNER TO postgres;

--
-- TOC entry 230 (class 1259 OID 49259)
-- Name: classes; Type: TABLE; Schema: public; Owner: postgres
--

CREATE TABLE public.classes (
    id integer NOT NULL,
    school_id integer NOT NULL,
    class_ref character varying,
    class_num integer,
    name character varying
);


ALTER TABLE public.classes OWNER TO postgres;

--
-- TOC entry 229 (class 1259 OID 49258)
-- Name: class_id_seq; Type: SEQUENCE; Schema: public; Owner: postgres
--

ALTER TABLE public.classes ALTER COLUMN id ADD GENERATED BY DEFAULT AS IDENTITY (
    SEQUENCE NAME public.class_id_seq
    START WITH 1
    INCREMENT BY 1
    NO MINVALUE
    NO MAXVALUE
    CACHE 1
);


--
-- TOC entry 220 (class 1259 OID 49220)
-- Name: schools; Type: TABLE; Schema: public; Owner: postgres
--

CREATE TABLE public.schools (
    id integer NOT NULL,
    name character varying,
    description text
);


ALTER TABLE public.schools OWNER TO postgres;

--
-- TOC entry 4868 (class 0 OID 0)
-- Dependencies: 220
-- Name: TABLE schools; Type: COMMENT; Schema: public; Owner: postgres
--

COMMENT ON TABLE public.schools IS 'школы';


--
-- TOC entry 219 (class 1259 OID 49219)
-- Name: school_id_seq; Type: SEQUENCE; Schema: public; Owner: postgres
--

ALTER TABLE public.schools ALTER COLUMN id ADD GENERATED BY DEFAULT AS IDENTITY (
    SEQUENCE NAME public.school_id_seq
    START WITH 1
    INCREMENT BY 1
    NO MINVALUE
    NO MAXVALUE
    CACHE 1
);


--
-- TOC entry 222 (class 1259 OID 49228)
-- Name: school_ref; Type: TABLE; Schema: public; Owner: postgres
--

CREATE TABLE public.school_ref (
    id integer NOT NULL,
    user_uuid uuid,
    school_id integer
);


ALTER TABLE public.school_ref OWNER TO postgres;

--
-- TOC entry 221 (class 1259 OID 49227)
-- Name: school_ref_id_seq; Type: SEQUENCE; Schema: public; Owner: postgres
--

ALTER TABLE public.school_ref ALTER COLUMN id ADD GENERATED BY DEFAULT AS IDENTITY (
    SEQUENCE NAME public.school_ref_id_seq
    START WITH 1
    INCREMENT BY 1
    NO MINVALUE
    NO MAXVALUE
    CACHE 1
);


--
-- TOC entry 225 (class 1259 OID 49241)
-- Name: school_subjects; Type: TABLE; Schema: public; Owner: postgres
--

CREATE TABLE public.school_subjects (
    id integer NOT NULL,
    name character varying
);


ALTER TABLE public.school_subjects OWNER TO postgres;

--
-- TOC entry 226 (class 1259 OID 49244)
-- Name: school_subjects_id_seq; Type: SEQUENCE; Schema: public; Owner: postgres
--

ALTER TABLE public.school_subjects ALTER COLUMN id ADD GENERATED BY DEFAULT AS IDENTITY (
    SEQUENCE NAME public.school_subjects_id_seq
    START WITH 1
    INCREMENT BY 1
    NO MINVALUE
    NO MAXVALUE
    CACHE 1
);


--
-- TOC entry 224 (class 1259 OID 49236)
-- Name: student_type; Type: TABLE; Schema: public; Owner: postgres
--

CREATE TABLE public.student_type (
    id integer NOT NULL,
    class_id integer,
    class_num smallint,
    user_uuid uuid NOT NULL
);


ALTER TABLE public.student_type OWNER TO postgres;

--
-- TOC entry 223 (class 1259 OID 49235)
-- Name: stubent_type_id_seq; Type: SEQUENCE; Schema: public; Owner: postgres
--

ALTER TABLE public.student_type ALTER COLUMN id ADD GENERATED BY DEFAULT AS IDENTITY (
    SEQUENCE NAME public.stubent_type_id_seq
    START WITH 1
    INCREMENT BY 1
    NO MINVALUE
    NO MAXVALUE
    CACHE 1
);


--
-- TOC entry 232 (class 1259 OID 57433)
-- Name: subjects; Type: TABLE; Schema: public; Owner: postgres
--

CREATE TABLE public.subjects (
    id integer NOT NULL,
    name character varying
);


ALTER TABLE public.subjects OWNER TO postgres;

--
-- TOC entry 231 (class 1259 OID 57428)
-- Name: teacher-to-class; Type: TABLE; Schema: public; Owner: postgres
--

CREATE TABLE public."teacher-to-class" (
    id integer NOT NULL,
    teacher_uuid uuid,
    class_id integer
);


ALTER TABLE public."teacher-to-class" OWNER TO postgres;

--
-- TOC entry 228 (class 1259 OID 49253)
-- Name: teacher_type; Type: TABLE; Schema: public; Owner: postgres
--

CREATE TABLE public.teacher_type (
    id integer NOT NULL,
    subject_id integer,
    user_uuid uuid
);


ALTER TABLE public.teacher_type OWNER TO postgres;

--
-- TOC entry 227 (class 1259 OID 49252)
-- Name: teacher_type_id_seq; Type: SEQUENCE; Schema: public; Owner: postgres
--

ALTER TABLE public.teacher_type ALTER COLUMN id ADD GENERATED BY DEFAULT AS IDENTITY (
    SEQUENCE NAME public.teacher_type_id_seq
    START WITH 1
    INCREMENT BY 1
    NO MINVALUE
    NO MAXVALUE
    CACHE 1
);


--
-- TOC entry 217 (class 1259 OID 16397)
-- Name: users; Type: TABLE; Schema: public; Owner: postgres
--

CREATE TABLE public.users (
    uuid uuid NOT NULL,
    firstname text,
    surname text,
    thirdname text,
    nickname text,
    type character varying
);


ALTER TABLE public.users OWNER TO postgres;

--
-- TOC entry 4848 (class 0 OID 32842)
-- Dependencies: 218
-- Data for Name: avatars; Type: TABLE DATA; Schema: public; Owner: postgres
--



--
-- TOC entry 4860 (class 0 OID 49259)
-- Dependencies: 230
-- Data for Name: classes; Type: TABLE DATA; Schema: public; Owner: postgres
--

INSERT INTO public.classes VALUES (1, 1, 'fff', 1, 'supper_class');


--
-- TOC entry 4852 (class 0 OID 49228)
-- Dependencies: 222
-- Data for Name: school_ref; Type: TABLE DATA; Schema: public; Owner: postgres
--

INSERT INTO public.school_ref VALUES (3, '43cd6bc1-bd45-4f19-94a1-84cc0fe583e4', NULL);
INSERT INTO public.school_ref VALUES (4, 'cf475fc8-5bc7-4f9c-beca-ef8f38d8ad29', NULL);
INSERT INTO public.school_ref VALUES (5, '30ef4bd2-4614-4c35-8260-78e763d598d7', NULL);
INSERT INTO public.school_ref VALUES (6, '53ddf63a-e4d8-4dd8-83e4-22a770d0b747', NULL);
INSERT INTO public.school_ref VALUES (7, '17fe1fee-0b7a-4b7a-b061-8525658b8853', NULL);
INSERT INTO public.school_ref VALUES (8, 'e78bbb10-63bc-4c89-9ff7-3ab8c7e5c405', NULL);
INSERT INTO public.school_ref VALUES (9, '67fc92e1-9784-4a7f-aa70-f42fcfba81e5', NULL);
INSERT INTO public.school_ref VALUES (10, '82817820-097a-460b-98dc-f2b7d5ee5fd6', NULL);
INSERT INTO public.school_ref VALUES (11, '6fc00a26-2a54-4d3b-96ad-5d1a05e44ea3', NULL);
INSERT INTO public.school_ref VALUES (13, 'e71c9a74-0398-47ea-9a56-907d3446a99b', NULL);
INSERT INTO public.school_ref VALUES (14, '9ca84f1f-f6b7-42ff-b3bf-fd5932fd9498', NULL);


--
-- TOC entry 4855 (class 0 OID 49241)
-- Dependencies: 225
-- Data for Name: school_subjects; Type: TABLE DATA; Schema: public; Owner: postgres
--



--
-- TOC entry 4850 (class 0 OID 49220)
-- Dependencies: 220
-- Data for Name: schools; Type: TABLE DATA; Schema: public; Owner: postgres
--

INSERT INTO public.schools VALUES (1, '22goyda', 'norm');


--
-- TOC entry 4854 (class 0 OID 49236)
-- Dependencies: 224
-- Data for Name: student_type; Type: TABLE DATA; Schema: public; Owner: postgres
--

INSERT INTO public.student_type VALUES (2, NULL, NULL, '43cd6bc1-bd45-4f19-94a1-84cc0fe583e4');
INSERT INTO public.student_type VALUES (3, NULL, NULL, 'cf475fc8-5bc7-4f9c-beca-ef8f38d8ad29');
INSERT INTO public.student_type VALUES (4, NULL, NULL, '30ef4bd2-4614-4c35-8260-78e763d598d7');
INSERT INTO public.student_type VALUES (5, NULL, NULL, '53ddf63a-e4d8-4dd8-83e4-22a770d0b747');
INSERT INTO public.student_type VALUES (7, NULL, NULL, 'e78bbb10-63bc-4c89-9ff7-3ab8c7e5c405');
INSERT INTO public.student_type VALUES (8, NULL, NULL, '67fc92e1-9784-4a7f-aa70-f42fcfba81e5');
INSERT INTO public.student_type VALUES (9, NULL, NULL, '82817820-097a-460b-98dc-f2b7d5ee5fd6');
INSERT INTO public.student_type VALUES (10, NULL, NULL, '6fc00a26-2a54-4d3b-96ad-5d1a05e44ea3');
INSERT INTO public.student_type VALUES (6, 1, 1, '17fe1fee-0b7a-4b7a-b061-8525658b8853');


--
-- TOC entry 4862 (class 0 OID 57433)
-- Dependencies: 232
-- Data for Name: subjects; Type: TABLE DATA; Schema: public; Owner: postgres
--



--
-- TOC entry 4861 (class 0 OID 57428)
-- Dependencies: 231
-- Data for Name: teacher-to-class; Type: TABLE DATA; Schema: public; Owner: postgres
--



--
-- TOC entry 4858 (class 0 OID 49253)
-- Dependencies: 228
-- Data for Name: teacher_type; Type: TABLE DATA; Schema: public; Owner: postgres
--

INSERT INTO public.teacher_type VALUES (1, NULL, '9ca84f1f-f6b7-42ff-b3bf-fd5932fd9498');


--
-- TOC entry 4847 (class 0 OID 16397)
-- Dependencies: 217
-- Data for Name: users; Type: TABLE DATA; Schema: public; Owner: postgres
--

INSERT INTO public.users VALUES ('2da3695b-254d-42c6-a594-a44d70767b4b', 'Taffik', 'Taffov', 'Taffovich', 'Taffik', NULL);
INSERT INTO public.users VALUES ('843dc127-b46c-4451-8456-2da0a38c4edc', 'Ярослав', 'Логинов', 'Романович', 'PiDoRaSS', NULL);
INSERT INTO public.users VALUES ('56e8cda6-e7ca-4223-becc-5313aeab9a97', 'Taffik', 'Taffovihc', 'Taffov', 'Taffik', NULL);
INSERT INTO public.users VALUES ('6e4abcca-d37d-4bb2-bf43-e1bb82caad15', 'Taffik', 'Taffovihc', 'Taffov', 'Taffik', NULL);
INSERT INTO public.users VALUES ('857b79a6-56bb-432d-bd8c-d568e5b5c34f', 'Taffik', 'Taffovihc', 'Taffov', 'Taffik', NULL);
INSERT INTO public.users VALUES ('f91f8444-1df1-418f-9dd9-75d041cc1850', 'Taffik', 'Taffovihc', 'Taffov', 'Taffik', NULL);
INSERT INTO public.users VALUES ('78dde412-484a-41b2-b8fc-1fb5a3f3e81e', 'Taffik', 'Taffovihc', 'Taffov', 'Taffik', NULL);
INSERT INTO public.users VALUES ('9b99ebd3-cd49-4660-9370-5a3dd715715e', 'Taffik', 'Taffovihc', 'Taffov', 'Taffik', NULL);
INSERT INTO public.users VALUES ('b023ea31-453e-4f6e-b3c7-047b190f8bae', 'Taffik', 'Taffovihc', 'Taffov', 'Taffik', NULL);
INSERT INTO public.users VALUES ('99f1ee8c-5af4-4b17-9a2c-1707c57f1840', 'Taffik', 'rrr', 'rrr', 'rrr', NULL);
INSERT INTO public.users VALUES ('d3d568fc-4f69-46c8-95f9-215f9e5735b6', 'Taffik', 'rrr', 'rrr', 'rrr', NULL);
INSERT INTO public.users VALUES ('8d499df0-aef5-43d5-81cd-1c8c37769fa8', 'Taffik', 'rrr', 'rrr', 'rrr', NULL);
INSERT INTO public.users VALUES ('dc7a721e-20dc-4c6d-b9c2-086707f840d2', 'Taffik', 'rrr', 'rrr', 'rrr', NULL);
INSERT INTO public.users VALUES ('dd256cd1-e5c3-40b6-a005-d03b84f0757a', 'Taffik', 'fffff', 'fffff', 'fffff', NULL);
INSERT INTO public.users VALUES ('83f39e4a-150b-45a1-b296-185987a6e82b', 'Pidoras', 'PidorAZOV', 'Pidoras''вич', 'MegaPidor', NULL);
INSERT INTO public.users VALUES ('bce3aff6-8b44-4782-89b4-5435de81bfb5', 'ываыа', 'ываыва', 'ывавыа', 'ываыва', NULL);
INSERT INTO public.users VALUES ('a0ac0807-3084-4d76-9e2a-cdcab533826b', 'ttt', 'ttt', 'ttt', 'ttt', 'student');
INSERT INTO public.users VALUES ('c1896e74-f549-4805-b406-3a037f992b68', 'ttt', 'ttt', 'ttt', 'ttt', 'student');
INSERT INTO public.users VALUES ('92ec8759-a5b6-4d1a-b705-1db158936451', 'ttt', 'ttt', 'ttt', 'ttt', 'student');
INSERT INTO public.users VALUES ('43cd6bc1-bd45-4f19-94a1-84cc0fe583e4', 'ttt', 'ttt', 'ttt', 'ttt', 'student');
INSERT INTO public.users VALUES ('cf475fc8-5bc7-4f9c-beca-ef8f38d8ad29', 'ttt', 'ttt', 'ttt', 'ttt', 'student');
INSERT INTO public.users VALUES ('30ef4bd2-4614-4c35-8260-78e763d598d7', 'ttt', 'ttt', 'ttt', 'ttt', 'student');
INSERT INTO public.users VALUES ('53ddf63a-e4d8-4dd8-83e4-22a770d0b747', 'ttt', 'ttt', 'ttt', 'ttt', 'student');
INSERT INTO public.users VALUES ('17fe1fee-0b7a-4b7a-b061-8525658b8853', 'ttt', 'ttt', 'ttt', 'ttt', 'student');
INSERT INTO public.users VALUES ('e78bbb10-63bc-4c89-9ff7-3ab8c7e5c405', 'ttt', 'ttt', 'ttt', 'ttt', 'student');
INSERT INTO public.users VALUES ('67fc92e1-9784-4a7f-aa70-f42fcfba81e5', 'ttt', 'ttt', 'ttt', 'ttt', 'student');
INSERT INTO public.users VALUES ('82817820-097a-460b-98dc-f2b7d5ee5fd6', 'ttt', 'ttt', 'ttt', 'ttt', 'student');
INSERT INTO public.users VALUES ('6fc00a26-2a54-4d3b-96ad-5d1a05e44ea3', 'ttt2', 'ttt', 'ttt', 'ttt', 'student');
INSERT INTO public.users VALUES ('e71c9a74-0398-47ea-9a56-907d3446a99b', 'teacher', 'ttt', 'ttt', 'ttt', 'teacher');
INSERT INTO public.users VALUES ('9ca84f1f-f6b7-42ff-b3bf-fd5932fd9498', 'teacher', 'ttt', 'ttt', 'ttt', 'teacher');


--
-- TOC entry 4869 (class 0 OID 0)
-- Dependencies: 229
-- Name: class_id_seq; Type: SEQUENCE SET; Schema: public; Owner: postgres
--

SELECT pg_catalog.setval('public.class_id_seq', 1, true);


--
-- TOC entry 4870 (class 0 OID 0)
-- Dependencies: 219
-- Name: school_id_seq; Type: SEQUENCE SET; Schema: public; Owner: postgres
--

SELECT pg_catalog.setval('public.school_id_seq', 1, true);


--
-- TOC entry 4871 (class 0 OID 0)
-- Dependencies: 221
-- Name: school_ref_id_seq; Type: SEQUENCE SET; Schema: public; Owner: postgres
--

SELECT pg_catalog.setval('public.school_ref_id_seq', 14, true);


--
-- TOC entry 4872 (class 0 OID 0)
-- Dependencies: 226
-- Name: school_subjects_id_seq; Type: SEQUENCE SET; Schema: public; Owner: postgres
--

SELECT pg_catalog.setval('public.school_subjects_id_seq', 1, false);


--
-- TOC entry 4873 (class 0 OID 0)
-- Dependencies: 223
-- Name: stubent_type_id_seq; Type: SEQUENCE SET; Schema: public; Owner: postgres
--

SELECT pg_catalog.setval('public.stubent_type_id_seq', 11, true);


--
-- TOC entry 4874 (class 0 OID 0)
-- Dependencies: 227
-- Name: teacher_type_id_seq; Type: SEQUENCE SET; Schema: public; Owner: postgres
--

SELECT pg_catalog.setval('public.teacher_type_id_seq', 1, true);


--
-- TOC entry 4683 (class 2606 OID 32858)
-- Name: avatars avatars_unique; Type: CONSTRAINT; Schema: public; Owner: postgres
--

ALTER TABLE ONLY public.avatars
    ADD CONSTRAINT avatars_unique UNIQUE (user_uuid);


--
-- TOC entry 4695 (class 2606 OID 49265)
-- Name: classes class_pk; Type: CONSTRAINT; Schema: public; Owner: postgres
--

ALTER TABLE ONLY public.classes
    ADD CONSTRAINT class_pk PRIMARY KEY (id);


--
-- TOC entry 4697 (class 2606 OID 49267)
-- Name: classes class_unique; Type: CONSTRAINT; Schema: public; Owner: postgres
--

ALTER TABLE ONLY public.classes
    ADD CONSTRAINT class_unique UNIQUE (class_ref);


--
-- TOC entry 4685 (class 2606 OID 49226)
-- Name: schools school_pk; Type: CONSTRAINT; Schema: public; Owner: postgres
--

ALTER TABLE ONLY public.schools
    ADD CONSTRAINT school_pk PRIMARY KEY (id);


--
-- TOC entry 4687 (class 2606 OID 49232)
-- Name: school_ref school_ref_pk; Type: CONSTRAINT; Schema: public; Owner: postgres
--

ALTER TABLE ONLY public.school_ref
    ADD CONSTRAINT school_ref_pk PRIMARY KEY (id);


--
-- TOC entry 4691 (class 2606 OID 49249)
-- Name: school_subjects school_subjects_pk; Type: CONSTRAINT; Schema: public; Owner: postgres
--

ALTER TABLE ONLY public.school_subjects
    ADD CONSTRAINT school_subjects_pk PRIMARY KEY (id);


--
-- TOC entry 4689 (class 2606 OID 49240)
-- Name: student_type stubent_type_pk; Type: CONSTRAINT; Schema: public; Owner: postgres
--

ALTER TABLE ONLY public.student_type
    ADD CONSTRAINT stubent_type_pk PRIMARY KEY (id);


--
-- TOC entry 4701 (class 2606 OID 57437)
-- Name: subjects subjects_pk; Type: CONSTRAINT; Schema: public; Owner: postgres
--

ALTER TABLE ONLY public.subjects
    ADD CONSTRAINT subjects_pk PRIMARY KEY (id);


--
-- TOC entry 4699 (class 2606 OID 57432)
-- Name: teacher-to-class teacher_to_class_pk; Type: CONSTRAINT; Schema: public; Owner: postgres
--

ALTER TABLE ONLY public."teacher-to-class"
    ADD CONSTRAINT teacher_to_class_pk PRIMARY KEY (id);


--
-- TOC entry 4693 (class 2606 OID 49257)
-- Name: teacher_type teacher_type_pk; Type: CONSTRAINT; Schema: public; Owner: postgres
--

ALTER TABLE ONLY public.teacher_type
    ADD CONSTRAINT teacher_type_pk PRIMARY KEY (id);


-- Completed on 2026-01-14 23:05:50

--
-- PostgreSQL database dump complete
--

